[{"id":"user-image-WhatsAppImage2024-12-1318.57.41_af283cc1.jpg","publicUrl":"np://user.desktop.nicepage.com/Site_90548180/images/WhatsAppImage2024-12-1318.57.41_af283cc1.jpg","size":25447,"hash":"szB1ZD8tJIvSrCeDwH2sygpWntY=","fileName":"WhatsAppImage2024-12-1318.57.41_af283cc1.jpg","name":"WhatsAppImage2024-12-1318.57.41_af283cc1","width":294,"height":282,"thumbnail":{"url":"np://user.desktop.nicepage.com/Site_90548180/images/thumbnails/WhatsAppImage2024-12-1318.57.41_af283cc1.jpg","width":250,"height":240},"folderId":null,"usages":[]},{"id":"user-image-3d-rendering-black-white-optical-illusion.jpg","publicUrl":"np://user.desktop.nicepage.com/Site_90548180/images/3d-rendering-black-white-optical-illusion.jpg","size":875785,"hash":"0aWm6icKLTVQlRzypBqJviqx9mI=","fileName":"3d-rendering-black-white-optical-illusion.jpg","name":"3d-rendering-black-white-optical-illusion","width":2253,"height":1502,"thumbnail":{"url":"np://user.desktop.nicepage.com/Site_90548180/images/thumbnails/3d-rendering-black-white-optical-illusion.jpg","width":250,"height":167},"folderId":null,"originalUrl":"https://assets.nicepagecdn.com/11a8ddce/6391348/images/3d-rendering-black-white-optical-illusion.jpg","usages":["70037337"]},{"id":"user-image-222039926_117087da-6455-4eaa-a58f-428fc6374198.jpg","publicUrl":"np://user.desktop.nicepage.com/Site_90548180/images/222039926_117087da-6455-4eaa-a58f-428fc6374198.jpg","size":544800,"hash":"5rXk9bAPzR8JcLLkudYly2JI7rk=","fileName":"222039926_117087da-6455-4eaa-a58f-428fc6374198.jpg","name":"222039926_117087da-6455-4eaa-a58f-428fc6374198","width":1333,"height":2000,"thumbnail":{"url":"np://user.desktop.nicepage.com/Site_90548180/images/thumbnails/222039926_117087da-6455-4eaa-a58f-428fc6374198.jpg","width":167,"height":250},"folderId":null,"originalUrl":"https://assets.nicepagecdn.com/11a8ddce/6391348/images/222039926_117087da-6455-4eaa-a58f-428fc6374198.jpg","usages":["70037337"]},{"id":"user-image-2149214556.jpg","publicUrl":"np://user.desktop.nicepage.com/Site_90548180/images/2149214556.jpg","size":1857638,"hash":"e2Lkn9n39IQWlkGQUnpaxRv3Hv8=","fileName":"2149214556.jpg","name":"2149214556","width":2000,"height":1331,"thumbnail":{"url":"np://user.desktop.nicepage.com/Site_90548180/images/thumbnails/2149214556.jpg","width":250,"height":166},"folderId":null,"originalUrl":"https://assets.nicepagecdn.com/11a8ddce/6391348/images/2149214556.jpg","usages":["70037337"]},{"id":"user-image-12180358_gradient_wave_in_monochrome_colours_0901.jpg","publicUrl":"np://user.desktop.nicepage.com/Site_90548180/images/12180358_gradient_wave_in_monochrome_colours_0901.jpg","size":157937,"hash":"Oba37nGuKidyudgs61wcR3TmLeg=","fileName":"12180358_gradient_wave_in_monochrome_colours_0901.jpg","name":"12180358_gradient_wave_in_monochrome_colours_0901","width":1920,"height":1360,"thumbnail":{"url":"np://user.desktop.nicepage.com/Site_90548180/images/thumbnails/12180358_gradient_wave_in_monochrome_colours_0901.jpg","width":250,"height":177},"folderId":null,"originalUrl":"https://assets.nicepagecdn.com/11a8ddce/6391348/images/12180358_gradient_wave_in_monochrome_colours_0901.jpg","usages":["70037337"]},{"id":"user-image-222040553_351659a2-5a60-4cd5-b3f8-5cb840c86b6b.jpg","publicUrl":"np://user.desktop.nicepage.com/Site_90548180/images/222040553_351659a2-5a60-4cd5-b3f8-5cb840c86b6b.jpg","size":598204,"hash":"uldgvlyid4yZD+uT2P1J9xbSxQQ=","fileName":"222040553_351659a2-5a60-4cd5-b3f8-5cb840c86b6b.jpg","name":"222040553_351659a2-5a60-4cd5-b3f8-5cb840c86b6b","width":2000,"height":1333,"thumbnail":{"url":"np://user.desktop.nicepage.com/Site_90548180/images/thumbnails/222040553_351659a2-5a60-4cd5-b3f8-5cb840c86b6b.jpg","width":250,"height":167},"folderId":null,"originalUrl":"https://assets.nicepagecdn.com/11a8ddce/6391348/images/222040553_351659a2-5a60-4cd5-b3f8-5cb840c86b6b.jpg","usages":["70037337"]},{"id":"user-image-222049156_fd438baf-5f46-4b65-8628-e901aba91beb.jpg","publicUrl":"np://user.desktop.nicepage.com/Site_90548180/images/222049156_fd438baf-5f46-4b65-8628-e901aba91beb.jpg","size":718954,"hash":"c6fOKvce27u3qDq+/BpQDNUMSs4=","fileName":"222049156_fd438baf-5f46-4b65-8628-e901aba91beb.jpg","name":"222049156_fd438baf-5f46-4b65-8628-e901aba91beb","width":2000,"height":1333,"thumbnail":{"url":"np://user.desktop.nicepage.com/Site_90548180/images/thumbnails/222049156_fd438baf-5f46-4b65-8628-e901aba91beb.jpg","width":250,"height":167},"folderId":null,"originalUrl":"https://assets.nicepagecdn.com/11a8ddce/6391348/images/222049156_fd438baf-5f46-4b65-8628-e901aba91beb.jpg","usages":["70037337"]},{"id":"user-image-222042901_65f35788-4050-4d04-9f49-8156124ba757.jpg","publicUrl":"np://user.desktop.nicepage.com/Site_90548180/images/222042901_65f35788-4050-4d04-9f49-8156124ba757.jpg","size":477411,"hash":"Vx/74jsY3AcoHNw3cwXNKST8gxc=","fileName":"222042901_65f35788-4050-4d04-9f49-8156124ba757.jpg","name":"222042901_65f35788-4050-4d04-9f49-8156124ba757","width":2000,"height":1333,"thumbnail":{"url":"np://user.desktop.nicepage.com/Site_90548180/images/thumbnails/222042901_65f35788-4050-4d04-9f49-8156124ba757.jpg","width":250,"height":167},"folderId":null,"originalUrl":"https://assets.nicepagecdn.com/11a8ddce/6391348/images/222042901_65f35788-4050-4d04-9f49-8156124ba757.jpg","usages":["70037337"]},{"id":"user-image-woman4.jpg","publicUrl":"np://user.desktop.nicepage.com/Site_90548180/images/woman4.jpg","size":32528,"hash":"WilZ8AIc4DC3/R5sCwoRpLs+w9c=","fileName":"woman4.jpg","name":"woman4","width":626,"height":417,"thumbnail":{"url":"np://user.desktop.nicepage.com/Site_90548180/images/thumbnails/woman4.jpg","width":250,"height":167},"folderId":null,"originalUrl":"https://assets.nicepagecdn.com/11a8ddce/6391348/images/woman4.jpg","usages":["70037337"]},{"id":"user-image-ds.jpg","publicUrl":"np://user.desktop.nicepage.com/Site_90548180/images/ds.jpg","size":13507,"hash":"AV+5JsaoGYSy2MUgijWIkgt+0/g=","fileName":"ds.jpg","name":"ds","width":206,"height":206,"thumbnail":{"url":"np://user.desktop.nicepage.com/Site_90548180/images/thumbnails/ds.jpg","height":206,"width":206,"length":13507,"type":"jpg"},"folderId":null,"originalUrl":"https://assets.nicepagecdn.com/11a8ddce/6391348/images/ds.jpg","usages":["70037337"]},{"id":"user-image-pretty-smiling-joyfully-female-with-fair-hair-dressed-casually-looking-with-satisfaction_176420-15187.jpg","publicUrl":"np://user.desktop.nicepage.com/Site_90548180/images/pretty-smiling-joyfully-female-with-fair-hair-dressed-casually-looking-with-satisfaction_176420-15187.jpg","size":41342,"hash":"XUMO3dduxScl7ovT7bx1vjTdLhQ=","fileName":"pretty-smiling-joyfully-female-with-fair-hair-dressed-casually-looking-with-satisfaction_176420-15187.jpg","name":"pretty-smiling-joyfully-female-with-fair-hair-dressed-casually-looking-with-satisfaction_176420-15187","width":626,"height":417,"thumbnail":{"url":"np://user.desktop.nicepage.com/Site_90548180/images/thumbnails/pretty-smiling-joyfully-female-with-fair-hair-dressed-casually-looking-with-satisfaction_176420-15187.jpg","width":250,"height":167},"folderId":null,"originalUrl":"https://assets.nicepagecdn.com/11a8ddce/6391348/images/pretty-smiling-joyfully-female-with-fair-hair-dressed-casually-looking-with-satisfaction_176420-15187.jpg","usages":["70037337"]},{"id":"user-image-w.jpg","publicUrl":"np://user.desktop.nicepage.com/Site_90548180/images/w.jpg","size":13464,"hash":"e7c9NX//eHiYKWHs5e7xesSXXw8=","fileName":"w.jpg","name":"w","width":206,"height":206,"thumbnail":{"url":"np://user.desktop.nicepage.com/Site_90548180/images/thumbnails/w.jpg","height":206,"width":206,"length":13464,"type":"jpg"},"folderId":null,"originalUrl":"https://assets.nicepagecdn.com/11a8ddce/6391348/images/w.jpg","usages":["70037337"]},{"id":"user-image-happy-man-with-long-thick-ginger-beard-has-friendly-smile_273609-16616.jpg","publicUrl":"np://user.desktop.nicepage.com/Site_90548180/images/happy-man-with-long-thick-ginger-beard-has-friendly-smile_273609-16616.jpg","size":30250,"hash":"j6gtVcl/B4rpjoSTX6cmOcqbVoU=","fileName":"happy-man-with-long-thick-ginger-beard-has-friendly-smile_273609-16616.jpg","name":"happy-man-with-long-thick-ginger-beard-has-friendly-smile_273609-16616","width":626,"height":417,"thumbnail":{"url":"np://user.desktop.nicepage.com/Site_90548180/images/thumbnails/happy-man-with-long-thick-ginger-beard-has-friendly-smile_273609-16616.jpg","width":250,"height":167},"folderId":null,"originalUrl":"https://assets.nicepagecdn.com/11a8ddce/6391348/images/happy-man-with-long-thick-ginger-beard-has-friendly-smile_273609-16616.jpg","usages":["70037337"]},{"id":"user-image-hgghgh.jpg","publicUrl":"np://user.desktop.nicepage.com/Site_90548180/images/hgghgh.jpg","size":13439,"hash":"PPK/lKxaF/8m4Toi81kgpvrKsBY=","fileName":"hgghgh.jpg","name":"hgghgh","width":206,"height":206,"thumbnail":{"url":"np://user.desktop.nicepage.com/Site_90548180/images/thumbnails/hgghgh.jpg","height":206,"width":206,"length":13439,"type":"jpg"},"folderId":null,"originalUrl":"https://assets.nicepagecdn.com/11a8ddce/6391348/images/hgghgh.jpg","usages":["70037337"]},{"id":"user-image-2150201875.jpg","publicUrl":"np://user.desktop.nicepage.com/Site_90548180/images/2150201875.jpg","size":775531,"hash":"kkF20oasVlmVLfGmCHxg7MKkAzg=","fileName":"2150201875.jpg","name":"2150201875","width":1920,"height":1920,"thumbnail":{"url":"np://user.desktop.nicepage.com/Site_90548180/images/thumbnails/2150201875.jpg","width":250,"height":250},"folderId":null,"originalUrl":"https://assets.nicepagecdn.com/11a8ddce/6391348/images/2150201875.jpg","usages":["70037337"]},{"id":"user-image-20443691_6299913.jpg","publicUrl":"np://user.desktop.nicepage.com/Site_90548180/images/20443691_6299913.jpg","size":946857,"hash":"boj60WOROQgnhNNpMXdxi75I8tE=","fileName":"20443691_6299913.jpg","name":"20443691_6299913","width":2300,"height":1533,"thumbnail":{"url":"np://user.desktop.nicepage.com/Site_90548180/images/thumbnails/20443691_6299913.jpg","width":250,"height":167},"folderId":null,"originalUrl":"https://assets.nicepagecdn.com/11a8ddce/6391348/images/20443691_6299913.jpg","usages":["70037337"]},{"id":"user-image-Untitled-1.jpg","publicUrl":"np://user.desktop.nicepage.com/Site_90548180/images/Untitled-1.jpg","size":249303,"hash":"EMSF3FkXHGo+8Nr7b2NHXtUsK2Q=","fileName":"Untitled-1.jpg","name":"Untitled-1","width":712,"height":897,"thumbnail":{"url":"np://user.desktop.nicepage.com/Site_90548180/images/thumbnails/Untitled-1.jpg","width":198,"height":250},"folderId":null,"originalUrl":"https://assets.nicepagecdn.com/11a8ddce/6391348/images/Untitled-1.jpg","usages":["70037337"]},{"id":"user-image-149302.png","publicUrl":"np://user.desktop.nicepage.com/Site_90548180/images/149302.png","size":3582,"hash":"NfwmvFmx1trpHE3j/sZUTd37BI8=","fileName":"149302.png","name":"149302","width":128,"height":128,"thumbnail":{"url":"np://user.desktop.nicepage.com/Site_90548180/images/thumbnails/149302.png","width":128,"height":128,"length":3582,"type":"png"},"folderId":null,"originalUrl":"//images01.nicepagecdn.com/a1389d7bc73adea1e1c1fb7e/9f3ac27e955c553a94c3ec0e/149302.png","usages":["910723154"]}]