[{"id":21077705,"title":"Blog Template","order":1,"templateKey":"blog","customTemplate":false,"customTemplateFilename":null,"pageLinks":[],"dateCreated":"2024-12-13T17:27:53.500Z","dateUpdated":"2024-12-13T17:27:58.964Z","folderId":null,"pageName":"Blog Template","serverPageId":null,"sectionCount":1,"status":2,"backwardUrl":null},{"id":77217296,"title":"Post Template","order":2,"templateKey":"post","customTemplate":false,"customTemplateFilename":null,"pageLinks":[],"dateCreated":"2024-12-13T17:27:54.086Z","dateUpdated":"2024-12-13T17:27:58.964Z","folderId":null,"pageName":"Post Template","serverPageId":null,"sectionCount":1,"status":2,"backwardUrl":null},{"id":295612558,"title":"Product List Template","order":3,"templateKey":"products","customTemplate":false,"customTemplateFilename":null,"pageLinks":[],"dateCreated":"2024-12-13T17:27:54.598Z","dateUpdated":"2024-12-13T17:27:58.965Z","folderId":null,"pageName":"Product List Template","serverPageId":null,"sectionCount":1,"status":2,"backwardUrl":null},{"id":388119587,"title":"Product Details Template","order":4,"templateKey":"product","customTemplate":false,"customTemplateFilename":null,"pageLinks":[],"dateCreated":"2024-12-13T17:27:55.027Z","dateUpdated":"2024-12-13T17:27:58.965Z","folderId":null,"pageName":"Product Details Template","serverPageId":null,"sectionCount":1,"status":2,"backwardUrl":null},{"id":2203116372,"title":"Shopping Cart Template","order":5,"templateKey":"cart","customTemplate":false,"customTemplateFilename":null,"pageLinks":[],"dateCreated":"2024-12-13T17:27:55.405Z","dateUpdated":"2024-12-13T17:27:58.965Z","folderId":null,"pageName":"Shopping Cart Template","serverPageId":null,"sectionCount":1,"status":2,"backwardUrl":null},{"id":10830257,"title":"Checkout Template","order":6,"templateKey":"checkout","customTemplate":false,"customTemplateFilename":null,"pageLinks":[],"dateCreated":"2024-12-13T17:27:55.904Z","dateUpdated":"2024-12-13T17:27:58.965Z","folderId":null,"pageName":"Checkout Template","serverPageId":null,"sectionCount":1,"status":2,"backwardUrl":null},{"id":285598004,"title":"Login Template","order":7,"templateKey":"login","customTemplate":false,"customTemplateFilename":null,"pageLinks":[],"dateCreated":"2024-12-13T17:27:56.280Z","dateUpdated":"2024-12-13T17:27:58.966Z","folderId":null,"pageName":"Login Template","serverPageId":null,"sectionCount":1,"status":2,"backwardUrl":null},{"id":329727573,"title":"Search Page Template","order":8,"templateKey":"Search","customTemplate":false,"customTemplateFilename":null,"pageLinks":[],"dateCreated":"2024-12-13T17:27:56.633Z","dateUpdated":"2024-12-13T17:27:58.966Z","folderId":null,"pageName":"Search Page Template","serverPageId":null,"sectionCount":1,"status":2,"backwardUrl":null},{"id":17107889,"title":"Page Password Template","order":9,"templateKey":"password","customTemplate":false,"customTemplateFilename":null,"pageLinks":[],"dateCreated":"2024-12-13T17:27:57.064Z","dateUpdated":"2024-12-13T17:27:58.966Z","folderId":null,"pageName":"Page Password Template","serverPageId":null,"sectionCount":1,"status":2,"backwardUrl":null},{"id":921817917,"title":"404 Not Found Template","order":10,"templateKey":"404","customTemplate":false,"customTemplateFilename":null,"pageLinks":[],"dateCreated":"2024-12-13T17:27:57.343Z","dateUpdated":"2024-12-13T17:27:58.967Z","folderId":null,"pageName":"404 Not Found Template","serverPageId":null,"sectionCount":1,"status":2,"backwardUrl":null},{"id":290007601,"title":"Thank You Page Template","order":11,"templateKey":"ThankYou","customTemplate":false,"customTemplateFilename":null,"pageLinks":[],"dateCreated":"2024-12-13T17:27:57.519Z","dateUpdated":"2024-12-13T17:27:58.967Z","folderId":null,"pageName":"Thank You Page Template","serverPageId":null,"sectionCount":1,"status":2,"backwardUrl":null},{"id":910723154,"title":"Accueil","order":50,"templateKey":null,"customTemplate":false,"customTemplateFilename":null,"pageLinks":[],"dateCreated":"2024-12-13T17:28:00.930Z","dateUpdated":"2024-12-13T17:30:24.811Z","folderId":null,"pageName":"Accueil_910723154","serverPageId":null,"sectionCount":2,"status":2,"backwardUrl":null},{"id":1307704878,"title":"À propos de","order":100,"templateKey":null,"customTemplate":false,"customTemplateFilename":null,"pageLinks":[],"dateCreated":"2024-12-13T17:27:57.668Z","dateUpdated":"2024-12-13T17:27:58.967Z","folderId":null,"pageName":"À propos de_1307704878","serverPageId":null,"sectionCount":1,"status":2,"backwardUrl":null},{"id":64834913,"title":"Contact","order":101,"templateKey":null,"customTemplate":false,"customTemplateFilename":null,"pageLinks":[],"dateCreated":"2024-12-13T17:27:57.809Z","dateUpdated":"2024-12-13T17:27:58.968Z","folderId":null,"pageName":"Contact_64834913","serverPageId":null,"sectionCount":1,"status":2,"backwardUrl":null},{"id":70037337,"title":"Page 1","order":102,"templateKey":null,"customTemplate":false,"customTemplateFilename":null,"pageLinks":[],"dateCreated":"2024-12-13T17:33:57.404Z","dateUpdated":"2024-12-13T18:01:44.418Z","folderId":null,"pageName":"Page 1_70037337","serverPageId":null,"sectionCount":12,"status":2,"backwardUrl":null}]